Measure,Slope,min,max
Bias,All,-3.3129149930436452,3.3129149930436452
Bias,None,-3.3129149930436452,3.3129149930436452
Bias,Only,-1.032245851465811,1.032245851465811
Coverage,All,0,1
Coverage,None,0,1
Coverage,Only,0,1
EmpSE,All,0,1.0918386968400948
EmpSE,None,0,0.15658803349045813
EmpSE,Only,0,1.0918386968400948
