Measure,Slope,min,max
Bias,All,-1.781923338055155,1.781923338055155
Bias,None,-1.781923338055155,1.781923338055155
Bias,Only,-0.765181235284601,0.765181235284601
Coverage,All,0,1
Coverage,None,0,1
Coverage,Only,0,1
EmpSE,All,0,0.655028959506093
EmpSE,None,0,0.655028959506093
EmpSE,Only,0,0.18874252394673768
