Measure,Slope,min,max
Bias,All,-8.624459815692697,8.624459815692697
Bias,None,-3.3115646274377006,3.3115646274377006
Bias,Only,-8.624459815692697,8.624459815692697
Coverage,All,0,1
Coverage,None,0,1
Coverage,Only,0,1
EmpSE,All,0,5.126229989288345
EmpSE,None,0,0.5848969137567839
EmpSE,Only,0,5.126229989288345
